id;name;price;index;available;category;containerCost;description;display;est_time;image_url;zone
J27JngxDqY6ik7SuVX9D;Hamburguesa de res mediana;1.5;0;TRUE;1lfLkbpXvzTqwOyJCrzJ;0.53;;TRUE;10;https://firebasestorage.googleapis.com/v0/b/ordersmanagment-c22d9.appspot.com/o/public%2FLYtMA17CjrYaKHh57Ww3%2Fresized%2F1600726954301_iebmu4jd6ul_500x500?alt=media&token=020812c3-1f66-48ed-84b6-76b9c7eee64b;Bn3kVXjJ5reuMxE35khn
OHcurIgM2yuoLfD2O5eS;Hamburguesa de res Grande;2.5;1;TRUE;1lfLkbpXvzTqwOyJCrzJ;0.1;;TRUE;10;https://firebasestorage.googleapis.com/v0/b/ordersmanagment-c22d9.appspot.com/o/public%2FLYtMA17CjrYaKHh57Ww3%2Fresized%2F1601326292410_n6of546eu2q_500x500?alt=media&token=3138e089-52da-42df-8efc-5c27b6a61fcf;Bn3kVXjJ5reuMxE35khn
ekUQGHwAtZ73ZzbkrrXd;hamburguesa titan;1;2;TRUE;1lfLkbpXvzTqwOyJCrzJ;0;;TRUE;1;https://firebasestorage.googleapis.com/v0/b/ordersmanagment-c22d9.appspot.com/o/public%2FLYtMA17CjrYaKHh57Ww3%2Fresized%2F1611006625741_4to2djoqffs_500x500?alt=media&token=999a622c-cf9e-411c-9332-851d6fd10ae8;Bn3kVXjJ5reuMxE35khn
19FsNy6G1Pk6vhDSDx9D;Coca cola con café;1;0;TRUE;25WNw0FKS8yrAaEajCmZ;0;;TRUE;10;https://firebasestorage.googleapis.com/v0/b/ordersmanagment-c22d9.appspot.com/o/public%2FLYtMA17CjrYaKHh57Ww3%2Fresized%2F1613692390741_ptmxj27978_500x500?alt=media&token=02d2157a-1f83-48c5-81df-61e673298f0c;
BYhuHR6tghAT3lM1yn1a;Limonada;0.5;0;TRUE;25WNw0FKS8yrAaEajCmZ;0;Refrescante limonada;TRUE;30;https://firebasestorage.googleapis.com/v0/b/ordersmanagment-c22d9.appspot.com/o/public%2FLYtMA17CjrYaKHh57Ww3%2Fresized%2F1600830885413_03yp9s6i064v_500x500?alt=media&token=01cdd630-b38f-431f-b178-7a0844f3e2a1;xd4KReAEwMzpZH84n3qN
uGajQrLIm63tahEt3vA9;Jugo;2.5;1;TRUE;25WNw0FKS8yrAaEajCmZ;0.1;;TRUE;10;https://firebasestorage.googleapis.com/v0/b/ordersmanagment-c22d9.appspot.com/o/public%2FLYtMA17CjrYaKHh57Ww3%2Fresized%2F1611006580951_ny4mjbodsq_500x500?alt=media&token=164ab669-7563-4983-bb3c-d4f8a0595019;xd4KReAEwMzpZH84n3qN
Cw19QpjqypzCJik13tZL;Ensalada de frutas con chantilly;1.75;undefined;TRUE;8JjK275cJhlGDFyxAqri;0;;TRUE;10;https://firebasestorage.googleapis.com/v0/b/ordersmanagment-c22d9.appspot.com/o/public%2FanmzJT7JaCjJM2CVFNlP%2Fresized%2F1596401588819_516sa5xjwcd_500x500?alt=media&token=61bd8d44-5816-4cbd-8268-ccd8792b356a;
z9C6PnF9uNjA9VXWlSqV;Ensalada de frutas con yogurth;1.75;undefined;TRUE;8JjK275cJhlGDFyxAqri;0;;TRUE;10;https://firebasestorage.googleapis.com/v0/b/ordersmanagment-c22d9.appspot.com/o/public%2FanmzJT7JaCjJM2CVFNlP%2Fresized%2F1596401999430_gc6tfh0uve_500x500?alt=media&token=a4b23f4a-d33a-4eb5-84a2-6d245710af0f;
zQClZsehPB7AnWve33ih;Ensalada de frutas con helado (doble);3.5;undefined;TRUE;8JjK275cJhlGDFyxAqri;0;;TRUE;10;https://firebasestorage.googleapis.com/v0/b/ordersmanagment-c22d9.appspot.com/o/public%2FanmzJT7JaCjJM2CVFNlP%2Fresized%2F1596401946434_0gpp59sbs1tk_500x500?alt=media&token=5355ad1b-4c09-4576-b18c-533543e2d5c5;
uhe23Nq27za6zGveDtYd;5 Alas;6;0;TRUE;9hoZDkWF0xgyWz72jQKj;0.2;;TRUE;10;https://firebasestorage.googleapis.com/v0/b/ordersmanagment-c22d9.appspot.com/o/public%2FLYtMA17CjrYaKHh57Ww3%2Fresized%2F1613173435459_cwqcxc8bb2f_500x500?alt=media&token=13d65bc4-66f4-48ed-ae13-c1da53cabb20;
S4asO0oH75dE4eMRVjHy;Hot Dog doble;2;undefined;TRUE;Dcg09lzi095uVf4fu9AZ;0;;TRUE;10;https://firebasestorage.googleapis.com/v0/b/ordersmanagment-c22d9.appspot.com/o/public%2FanmzJT7JaCjJM2CVFNlP%2Fresized%2F1596404209897_r4o3h5ow7rg_500x500?alt=media&token=ab8492a1-eb06-402b-8210-a0ee75a0668f;
rQFHXNrKx6tyvdkUjcLM;Hot Dog simple;1.5;undefined;TRUE;Dcg09lzi095uVf4fu9AZ;0;;TRUE;10;https://firebasestorage.googleapis.com/v0/b/ordersmanagment-c22d9.appspot.com/o/public%2FanmzJT7JaCjJM2CVFNlP%2Fresized%2F1596404197346_l0koq9tuxj_500x500?alt=media&token=2a4d31b8-9df8-4520-9231-651ce1db9d14;
To2KDMAEA4h3Rf8jabXI;Pescado;5;0;TRUE;fzc4msH8PgWu6bbMyaQU;0;;TRUE;5;https://firebasestorage.googleapis.com/v0/b/ordersmanagment-c22d9.appspot.com/o/public%2FLYtMA17CjrYaKHh57Ww3%2Fresized%2F1608179013572_ra79yfg8ma_500x500?alt=media&token=670d379c-8be4-4250-92a8-9ef6a3df8ad5;
YgG0SBSBzIgoLUKDo0Vv;Filete de pollo ;5;1;TRUE;fzc4msH8PgWu6bbMyaQU;0;Rico filete ;TRUE;20;https://firebasestorage.googleapis.com/v0/b/ordersmanagment-c22d9.appspot.com/o/public%2FLYtMA17CjrYaKHh57Ww3%2Fresized%2F1600830946797_9nby8cxgm7_500x500?alt=media&token=75d02b55-fc2d-4728-93c5-1a2320c3755c;
7iUeFGTqZHXa4QogWrSq;Papa con queso;1.5;undefined;TRUE;gF4Gzuq2uZJdgOjFA8Zk;0;;TRUE;10;https://firebasestorage.googleapis.com/v0/b/ordersmanagment-c22d9.appspot.com/o/public%2FanmzJT7JaCjJM2CVFNlP%2Fresized%2F1596680579068_ba7gfya69oa_500x500?alt=media&token=ddb4733d-d7e9-43ca-bd65-3b36bd76f95b;
AULfbD03E1bBXNRziapD;Papas con pechuga apanada;1.75;undefined;TRUE;gF4Gzuq2uZJdgOjFA8Zk;0;;TRUE;10;https://firebasestorage.googleapis.com/v0/b/ordersmanagment-c22d9.appspot.com/o/public%2FanmzJT7JaCjJM2CVFNlP%2Fresized%2F1596681051497_pt57fhrgibm_500x500?alt=media&token=660d03d1-07ca-4cb4-bddd-7c9b64f280e3;
HYDJmzrKW1RKS71qTB1z;Papas con huevo;1.5;undefined;TRUE;gF4Gzuq2uZJdgOjFA8Zk;0;;TRUE;10;https://firebasestorage.googleapis.com/v0/b/ordersmanagment-c22d9.appspot.com/o/public%2FanmzJT7JaCjJM2CVFNlP%2Fresized%2F1596680949398_g44eubt19kq_500x500?alt=media&token=297d1aa0-615f-4aaa-a574-75e915e7ad07;
XW4UzIarzGvy2pNSkPOR;Papas con salchicha;1;undefined;TRUE;gF4Gzuq2uZJdgOjFA8Zk;0;;TRUE;10;https://firebasestorage.googleapis.com/v0/b/ordersmanagment-c22d9.appspot.com/o/public%2FanmzJT7JaCjJM2CVFNlP%2Fresized%2F1596681032100_lwb2blpnshp_500x500?alt=media&token=3d787da4-a9dd-4e7b-9f4c-b9cbcf3bc472;
g53vYluJeXlhQwmbHx6K;Papa grande;2;undefined;TRUE;gF4Gzuq2uZJdgOjFA8Zk;0;;TRUE;10;https://firebasestorage.googleapis.com/v0/b/ordersmanagment-c22d9.appspot.com/o/public%2FanmzJT7JaCjJM2CVFNlP%2Fresized%2F1596680623862_xt2v9phik8_500x500?alt=media&token=e985289a-ef40-4851-8b38-c2a47598bd7d;
jHhAocPWpfgTmUcnAagU;Papas con Nuggets;1.25;undefined;TRUE;gF4Gzuq2uZJdgOjFA8Zk;0;;TRUE;10;https://firebasestorage.googleapis.com/v0/b/ordersmanagment-c22d9.appspot.com/o/public%2FanmzJT7JaCjJM2CVFNlP%2Fresized%2F1596680986010_a10xa7uqsxw_500x500?alt=media&token=46d8ef9d-dc6e-45c9-a75f-ef013212ba26;
lokfJ7g2iuQyas3i31pQ;Salchipapa 1.50;1.5;undefined;TRUE;gF4Gzuq2uZJdgOjFA8Zk;0;;TRUE;10;https://firebasestorage.googleapis.com/v0/b/ordersmanagment-c22d9.appspot.com/o/public%2FanmzJT7JaCjJM2CVFNlP%2Fresized%2F1596507185756_km0q5umb21h_500x500?alt=media&token=62380fd2-bc6d-4a5a-acf6-8aa2315d4535;undefined
oLQZNTfpgowiHpsHQBWp;Papa con pollo;2.5;undefined;TRUE;gF4Gzuq2uZJdgOjFA8Zk;0;;TRUE;10;https://firebasestorage.googleapis.com/v0/b/ordersmanagment-c22d9.appspot.com/o/public%2FanmzJT7JaCjJM2CVFNlP%2Fresized%2F1596680510118_hkg0ugl0rii_500x500?alt=media&token=dd1ae7f6-23a5-40cd-8b3e-ec90521e71ee;
rAPN5bkgI5yuPVEgBt9w;Papas con carne;1.5;undefined;TRUE;gF4Gzuq2uZJdgOjFA8Zk;0;;TRUE;10;https://firebasestorage.googleapis.com/v0/b/ordersmanagment-c22d9.appspot.com/o/public%2FanmzJT7JaCjJM2CVFNlP%2Fresized%2F1596680870747_slid948ac6_500x500?alt=media&token=8ae92752-8c46-416e-bc27-874efec973b8;
3lVyPrheLhUV591642qt;1/4 Pollo;4;undefined;TRUE;J1kXwF5XzttdjlXPxXFA;0;;TRUE;10;https://firebasestorage.googleapis.com/v0/b/ordersmanagment-c22d9.appspot.com/o/public%2FanmzJT7JaCjJM2CVFNlP%2Fresized%2F1596400383568_gbkckn0wedo_500x500?alt=media&token=08b70708-3294-4c56-8304-ce5ef9675283;
Eu0uDZ74SyMFtM3GGrzs;1/2 Pollo;8;undefined;TRUE;J1kXwF5XzttdjlXPxXFA;0;;TRUE;15;https://firebasestorage.googleapis.com/v0/b/ordersmanagment-c22d9.appspot.com/o/public%2FanmzJT7JaCjJM2CVFNlP%2Fresized%2F1596400253120_hl03na6eiug_500x500?alt=media&token=8a65eefc-6b88-4476-94e9-ad0255756049;
hj3ozC3qaIbqvONELlbL;1/8 Pollo;2.75;undefined;TRUE;J1kXwF5XzttdjlXPxXFA;0;;TRUE;10;https://firebasestorage.googleapis.com/v0/b/ordersmanagment-c22d9.appspot.com/o/public%2FanmzJT7JaCjJM2CVFNlP%2Fresized%2F1596400458117_f2c1s8tjawk_500x500?alt=media&token=33035f31-a8b9-47f7-a825-2d394ff6d7ba;
qAllL2meAHP1kRyLDjaD;Pollo entero completo;15;undefined;TRUE;J1kXwF5XzttdjlXPxXFA;0;;TRUE;10;https://firebasestorage.googleapis.com/v0/b/ordersmanagment-c22d9.appspot.com/o/public%2FanmzJT7JaCjJM2CVFNlP%2Fresized%2F1596508817570_uj8m9ugj648_500x500?alt=media&token=fd2452da-1ece-466b-a97d-b1979dbfc62b;undefined
0cNQEzDEJ762zn7rw3j5;1/2 Jarra de Maracuyá;1.5;undefined;TRUE;JUdzhIpPDcMaFHJv2ZCE;0;;TRUE;5;https://firebasestorage.googleapis.com/v0/b/ordersmanagment-c22d9.appspot.com/o/public%2FanmzJT7JaCjJM2CVFNlP%2Fresized%2F1596160886346_vg8ddvjn8k_500x500?alt=media&token=5453cf32-706b-45f8-8046-f12146fd1a8f;
3miXJisOBXltKWHKrcvV;Fuzetea;1;undefined;TRUE;JUdzhIpPDcMaFHJv2ZCE;0;;TRUE;5;https://firebasestorage.googleapis.com/v0/b/ordersmanagment-c22d9.appspot.com/o/public%2FanmzJT7JaCjJM2CVFNlP%2Fresized%2F1596402106127_eqx3554xma9_500x500?alt=media&token=e49c2619-836f-491e-85e8-dcec3ffa505e;undefined
4uyZfVy00vd8SkhT0gfF;Limonada;0.5;undefined;TRUE;JUdzhIpPDcMaFHJv2ZCE;0;;TRUE;10;https://firebasestorage.googleapis.com/v0/b/ordersmanagment-c22d9.appspot.com/o/public%2FanmzJT7JaCjJM2CVFNlP%2Fresized%2F1596683700378_0ih2vkaqhzn8_500x500?alt=media&token=c74e8f66-271b-487d-92ca-61249ab0f91f;
5G6Ru6qHtZMhyCWhFZlc;Batidos;1.25;undefined;TRUE;JUdzhIpPDcMaFHJv2ZCE;0;;TRUE;10;https://firebasestorage.googleapis.com/v0/b/ordersmanagment-c22d9.appspot.com/o/public%2FanmzJT7JaCjJM2CVFNlP%2Fresized%2F1596400813972_cfgf8bc50pg_500x500?alt=media&token=eea258a6-bbf5-4bb9-b3bb-baa0f294f13a;
89x4rdml9rKDoYiZTuH9;1/2 Jarra de limonada;1.5;undefined;TRUE;JUdzhIpPDcMaFHJv2ZCE;0;;TRUE;5;undefined;
9gZ4ZuUYp4enxFyXm4nz;Cerveza pilsener;1.75;undefined;TRUE;JUdzhIpPDcMaFHJv2ZCE;0;;TRUE;5;https://firebasestorage.googleapis.com/v0/b/ordersmanagment-c22d9.appspot.com/o/public%2FanmzJT7JaCjJM2CVFNlP%2Fresized%2F1596315877463_1fhashf62xh_500x500?alt=media&token=7a6195d6-f72f-420a-9dbc-a78ff21c3927;undefined
CtgWmqbD8fdqXRD8Bdob;Agua mineral;0.7;undefined;TRUE;JUdzhIpPDcMaFHJv2ZCE;0;;TRUE;5;https://firebasestorage.googleapis.com/v0/b/ordersmanagment-c22d9.appspot.com/o/public%2FanmzJT7JaCjJM2CVFNlP%2Fresized%2F1596400596533_yi8hhgmbyx_500x500?alt=media&token=b2ee2c48-cea2-4a72-a943-757d698eb05a;undefined
F04pTTcWkhOnBArvpAZm;Gaseosa de Litro;1.5;undefined;TRUE;JUdzhIpPDcMaFHJv2ZCE;0;;TRUE;5;https://firebasestorage.googleapis.com/v0/b/ordersmanagment-c22d9.appspot.com/o/public%2FanmzJT7JaCjJM2CVFNlP%2Fresized%2F1596402494031_6mk1qlyac24_500x500?alt=media&token=cbc07f0d-adb9-453d-93d4-6b5c20f7ef67;undefined
JRidUs5JkOegdVWp5Lra;Milkshake;2.5;undefined;TRUE;JUdzhIpPDcMaFHJv2ZCE;0;;TRUE;10;https://firebasestorage.googleapis.com/v0/b/ordersmanagment-c22d9.appspot.com/o/public%2FanmzJT7JaCjJM2CVFNlP%2Fresized%2F1596509049121_townxy236lj_500x500?alt=media&token=7830e0db-4db2-4a63-9831-5bd332963f66;
K1di29dGzGw5hDmRJ5y4;Batido doble;2.5;undefined;TRUE;JUdzhIpPDcMaFHJv2ZCE;0;;TRUE;10;https://firebasestorage.googleapis.com/v0/b/ordersmanagment-c22d9.appspot.com/o/public%2FanmzJT7JaCjJM2CVFNlP%2Fresized%2F1596400785554_5y3f6j2wy3l_500x500?alt=media&token=9746e85c-5174-4c48-9d77-974353da46a2;
LkBcdwQPIQftq5jNy1xa;Jugo doble;2;undefined;TRUE;JUdzhIpPDcMaFHJv2ZCE;0;;TRUE;10;undefined;
MGUxrj02w5X8ibhKIX9O;Corona;2.25;undefined;TRUE;JUdzhIpPDcMaFHJv2ZCE;0;;TRUE;5;https://firebasestorage.googleapis.com/v0/b/ordersmanagment-c22d9.appspot.com/o/public%2FanmzJT7JaCjJM2CVFNlP%2Fresized%2F1610513073080_wysjzotjjdg_500x500?alt=media&token=5e78b7bd-aa8d-4b90-9365-52fa15695051;
NiULcc6402AxBql0szUU;Jugos;1;undefined;TRUE;JUdzhIpPDcMaFHJv2ZCE;0;Jugos de Mora, Frutilla, Tomate de Árbol, Piña, Babaco, Melon;TRUE;10;https://firebasestorage.googleapis.com/v0/b/ordersmanagment-c22d9.appspot.com/o/public%2FanmzJT7JaCjJM2CVFNlP%2Fresized%2F1596683774167_q9uog7d1i_500x500?alt=media&token=b2968827-ddcd-43bb-b2a5-c00594d07a5a;
YkUjTWSBCzvzaw1rI2DM;Frappuccino;3;undefined;TRUE;JUdzhIpPDcMaFHJv2ZCE;0;;TRUE;10;https://firebasestorage.googleapis.com/v0/b/rayoexpress-a9f19.appspot.com/o/products%2F724MTl7Td35vp44MXTYW%2F1590601329746_bm278cdp4i?alt=media&token=b207f9d4-67c5-4497-89f3-ebacc6df32a5;
bgM9JzlbNp4MER9ZPzKz;Gaseosa 3 Litros;3.5;undefined;TRUE;JUdzhIpPDcMaFHJv2ZCE;0;;TRUE;10;https://firebasestorage.googleapis.com/v0/b/ordersmanagment-c22d9.appspot.com/o/public%2FanmzJT7JaCjJM2CVFNlP%2Fresized%2F1596402213912_ebbdrhingj9_500x500?alt=media&token=63dcb083-9bad-42cb-8bbb-974485d45238;undefined
kAi69Oo21VTRdY5c0qQI;Jarra de Limonada;3;undefined;TRUE;JUdzhIpPDcMaFHJv2ZCE;0;;TRUE;10;https://firebasestorage.googleapis.com/v0/b/ordersmanagment-c22d9.appspot.com/o/public%2FanmzJT7JaCjJM2CVFNlP%2Fresized%2F1596161066695_25cyj21do6e_500x500?alt=media&token=b562777e-826c-428f-a14a-97b14db47565;
kgPsi0VYXAqdE8pFxh7N;Jarra horchata;3;undefined;TRUE;JUdzhIpPDcMaFHJv2ZCE;0;;TRUE;10;https://firebasestorage.googleapis.com/v0/b/ordersmanagment-c22d9.appspot.com/o/public%2FanmzJT7JaCjJM2CVFNlP%2Fresized%2F1596684045164_6tx0rqy91ut_500x500?alt=media&token=f2a8dd2b-32eb-458e-8242-6c8460680e8d;
pmHjhwTCBGEE8rnV2FKY;Cerveza club grande;2;undefined;TRUE;JUdzhIpPDcMaFHJv2ZCE;0;;TRUE;5;https://firebasestorage.googleapis.com/v0/b/ordersmanagment-c22d9.appspot.com/o/public%2FanmzJT7JaCjJM2CVFNlP%2Fresized%2F1596146373213_gu2pmcw5e98_500x500?alt=media&token=851d2f20-e6f0-439a-9be6-b2462b87a55e;undefined
qtMGaHc2WocPvbW0EyJ6;Cerveza club personal;1.5;undefined;TRUE;JUdzhIpPDcMaFHJv2ZCE;0;;TRUE;5;https://firebasestorage.googleapis.com/v0/b/ordersmanagment-c22d9.appspot.com/o/public%2FanmzJT7JaCjJM2CVFNlP%2Fresized%2F1596146403508_11q8k1y44aw_500x500?alt=media&token=abca19b1-b430-4c92-b31f-9c8918f1776f;undefined
r2JiO1xpooMbgFjcXhO9;Jugo de Naranja;1.25;undefined;TRUE;JUdzhIpPDcMaFHJv2ZCE;0;;TRUE;10;https://firebasestorage.googleapis.com/v0/b/ordersmanagment-c22d9.appspot.com/o/public%2FanmzJT7JaCjJM2CVFNlP%2Fresized%2F1596683836314_fj0m5gncq9o_500x500?alt=media&token=bc19b006-4490-49a9-a2dd-a9d125c614b6;
rApytGwzvuc3pewALWbM;Jarra de maracuya ;3;undefined;TRUE;JUdzhIpPDcMaFHJv2ZCE;0;;TRUE;10;https://firebasestorage.googleapis.com/v0/b/ordersmanagment-c22d9.appspot.com/o/public%2FanmzJT7JaCjJM2CVFNlP%2Fresized%2F1596160866012_w16oi4xdhy_500x500?alt=media&token=7dfffbc9-3e27-47a7-a144-affb999585e1;
tDu0pSaz1eRQpBd6eg36;Jarra de tamarindo;3;undefined;FALSE;JUdzhIpPDcMaFHJv2ZCE;0;;undefined;10;https://firebasestorage.googleapis.com/v0/b/ordersmanagment-c22d9.appspot.com/o/public%2FanmzJT7JaCjJM2CVFNlP%2Fresized%2F1596683621016_0xo4z276fr2n_500x500?alt=media&token=223fd786-e36d-4901-ba29-6e07a2c23e55;
vv1zBFohmLUhEKqBruxd;Agua;0.5;undefined;TRUE;JUdzhIpPDcMaFHJv2ZCE;0;;TRUE;5;https://firebasestorage.googleapis.com/v0/b/ordersmanagment-c22d9.appspot.com/o/public%2FanmzJT7JaCjJM2CVFNlP%2Fresized%2F1596146564459_qsf7w8q68ak_500x500?alt=media&token=360fc7a5-8791-44f9-be3c-b9630076340f;undefined
w7CjjS0juYnXi9qYaZ6z;Gaseosas;0.7;undefined;TRUE;JUdzhIpPDcMaFHJv2ZCE;0;;TRUE;5;https://firebasestorage.googleapis.com/v0/b/ordersmanagment-c22d9.appspot.com/o/public%2FanmzJT7JaCjJM2CVFNlP%2Fresized%2F1596402571790_4fql8ge2pzb_500x500?alt=media&token=18ca248b-3b85-4eb9-bdc6-0c90c59892fe;undefined
NIJOEcC37Kb524wSZoAr;Hamburguesa de pollo;2;undefined;TRUE;kkmrYHzIsdzovAP1jKYL;0;;TRUE;10;https://firebasestorage.googleapis.com/v0/b/ordersmanagment-c22d9.appspot.com/o/public%2FanmzJT7JaCjJM2CVFNlP%2Fresized%2F1596402714364_19pzronfwmb_500x500?alt=media&token=dcac748b-2d19-466f-807c-037173de4616;
WiFAjCNtvLHrVboDtCPH;Hamburguesa doble de pollo;2.75;undefined;TRUE;kkmrYHzIsdzovAP1jKYL;0;;TRUE;10;https://firebasestorage.googleapis.com/v0/b/ordersmanagment-c22d9.appspot.com/o/public%2FanmzJT7JaCjJM2CVFNlP%2Fresized%2F1596402842401_tmqimh1ctw_500x500?alt=media&token=deee4c19-e486-4adf-945d-38021481357c;
i8vRxiCKJw2x6Ihe6zZW;Hamburguesa especial;2;undefined;TRUE;kkmrYHzIsdzovAP1jKYL;0;;TRUE;10;null;
sEwS8ckwcIqMW4QOl8zC;Hamburguesa simple de res;1.5;undefined;TRUE;kkmrYHzIsdzovAP1jKYL;0;;TRUE;10;https://firebasestorage.googleapis.com/v0/b/ordersmanagment-c22d9.appspot.com/o/public%2FanmzJT7JaCjJM2CVFNlP%2Fresized%2F1596403079394_39tk7orw86k_500x500?alt=media&token=7e049e57-b47d-4937-b6c7-2da1703726c1;
sNzRm8LCEU3dRxtgGcPZ;Hamburguesa Mixta;2.5;undefined;TRUE;kkmrYHzIsdzovAP1jKYL;0;;TRUE;10;https://firebasestorage.googleapis.com/v0/b/ordersmanagment-c22d9.appspot.com/o/public%2FanmzJT7JaCjJM2CVFNlP%2Fresized%2F1596403063533_209bwrqi3xz_500x500?alt=media&token=e3ddb40b-529d-418e-b867-8884935f7b91;
ueEN9McmssIuAQiHvdlv;Hamburguesa hawaiana;2;undefined;TRUE;kkmrYHzIsdzovAP1jKYL;0;;TRUE;10;https://firebasestorage.googleapis.com/v0/b/ordersmanagment-c22d9.appspot.com/o/public%2FanmzJT7JaCjJM2CVFNlP%2Fresized%2F1596402997763_377c2vtgnxx_500x500?alt=media&token=4bd01784-cb04-4c0b-8d20-1b8aac0c43ad;
SH3o06JosEfvySAPKTGe;18 Alas;15;undefined;TRUE;Nc8XYHpFmPtw5JHODInt;0;Salsas disponibles: BBQ, Maracuya y Teriyaki;TRUE;10;https://firebasestorage.googleapis.com/v0/b/ordersmanagment-c22d9.appspot.com/o/public%2FanmzJT7JaCjJM2CVFNlP%2Fresized%2F1598475834744_iknd4gk4b4_500x500?alt=media&token=4ba3e73e-3a34-475e-b145-0418dd02e239;
h4tySEBlAe1eQYNqZLPD;6 Alas;5;undefined;TRUE;Nc8XYHpFmPtw5JHODInt;0;Salsas disponibles: BBQ, Maracuya y Teriyaki;TRUE;10;https://firebasestorage.googleapis.com/v0/b/ordersmanagment-c22d9.appspot.com/o/public%2FanmzJT7JaCjJM2CVFNlP%2Fresized%2F1598473204756_5l50oa5tjmd_500x500?alt=media&token=23380d29-77e5-4250-89ee-663928e18b60;
u5hERTMRdxNiVVSyuEiF;12 Alas;10;undefined;TRUE;Nc8XYHpFmPtw5JHODInt;0;Salsas disponibles: BBQ, Maracuya y Teriyaki;TRUE;10;https://firebasestorage.googleapis.com/v0/b/ordersmanagment-c22d9.appspot.com/o/public%2FanmzJT7JaCjJM2CVFNlP%2Fresized%2F1598473350980_f5rmgrc3bh_500x500?alt=media&token=d720097c-51c3-46bc-8658-9dda2402ff26;
Ai4xX2gAbKhBAftt5fHO;Copa Pingüino;3.5;undefined;TRUE;Nw7PSv6jSQdCmsELPOJq;0;;TRUE;10;undefined;
C26B28GVNyfRhZGCm9MA;Helados con queso;1.5;undefined;TRUE;Nw7PSv6jSQdCmsELPOJq;0;;TRUE;10;undefined;undefined
ajlxPw7fWSWgV6wubc7o;Tres leches;1.5;undefined;TRUE;Nw7PSv6jSQdCmsELPOJq;0;;TRUE;10;https://firebasestorage.googleapis.com/v0/b/ordersmanagment-c22d9.appspot.com/o/public%2FanmzJT7JaCjJM2CVFNlP%2Fresized%2F1596506713048_hc0fmcq4aso_500x500?alt=media&token=6b00f1f7-7584-49e5-86ba-0cfbcf97437e;undefined
bBuHtb3qpjOVBm945pMv;Banana Split;3.5;undefined;TRUE;Nw7PSv6jSQdCmsELPOJq;0;;TRUE;10;https://firebasestorage.googleapis.com/v0/b/ordersmanagment-c22d9.appspot.com/o/public%2FanmzJT7JaCjJM2CVFNlP%2Fresized%2F1596400644540_6x1ysnw3m94_500x500?alt=media&token=67e3b5d1-7e2e-448e-a12e-695099dce7e3;
fRR1Gk7OsFuQ4y5mgKoq;Fresas con crema;2.25;undefined;TRUE;Nw7PSv6jSQdCmsELPOJq;0;;TRUE;10;https://firebasestorage.googleapis.com/v0/b/ordersmanagment-c22d9.appspot.com/o/public%2FanmzJT7JaCjJM2CVFNlP%2Fresized%2F1596161447929_h0b3vf7n9ai_500x500?alt=media&token=2939fa89-6f5c-4dec-b9de-8c8b1eaea257;
lS5yV1B3j19jxHqRFIyz;Duraznos con crema;2.25;undefined;TRUE;Nw7PSv6jSQdCmsELPOJq;0;;TRUE;10;https://firebasestorage.googleapis.com/v0/b/ordersmanagment-c22d9.appspot.com/o/public%2FanmzJT7JaCjJM2CVFNlP%2Fresized%2F1596401536893_vf4ax5obm49_500x500?alt=media&token=8b9d6aac-546e-4733-8ae3-188409e161b7;
lfWWxq55OM3SvvikoUl3;Helado;1;undefined;TRUE;Nw7PSv6jSQdCmsELPOJq;0;;TRUE;5;https://firebasestorage.googleapis.com/v0/b/ordersmanagment-c22d9.appspot.com/o/public%2FanmzJT7JaCjJM2CVFNlP%2Fresized%2F1596683544570_6qzo4xqpa8r_500x500?alt=media&token=090a7b72-333c-454c-b58c-7bdcb59e9df4;undefined
rSmlZtejFcbBiswAuZsE;Helado doble con queso;2.25;undefined;TRUE;Nw7PSv6jSQdCmsELPOJq;0;;TRUE;undefined;undefined;undefined
tl9gLuRwXF3YiY9Npx50;Copa bambino;3;undefined;TRUE;Nw7PSv6jSQdCmsELPOJq;0;;TRUE;10;https://firebasestorage.googleapis.com/v0/b/ordersmanagment-c22d9.appspot.com/o/public%2FanmzJT7JaCjJM2CVFNlP%2Fresized%2F1610512932919_r69hjcgt1nf_500x500?alt=media&token=65317b6d-a688-4a95-9b9e-a2e659f6a311;
enTaOjZbEelzZEVV5ppA;Michelada de Limón;3;undefined;TRUE;pN1vp3w6GASz9D4tGB5w;0;Deliciosa Michelada con limón, sal y pimienta.
;TRUE;10;https://firebasestorage.googleapis.com/v0/b/ordersmanagment-c22d9.appspot.com/o/public%2FanmzJT7JaCjJM2CVFNlP%2Fresized%2F1606534772577_a4dz3mh1aa9_500x500?alt=media&token=9f3aeb07-6e11-453a-ad28-5ac28df32f2f;
pUpi1PPuk56qcKJPZGCl;Michelada Clásica;3;undefined;TRUE;pN1vp3w6GASz9D4tGB5w;0;Deliciosa Michelada con limón, sal, salsa inglesa, y salsa china.;TRUE;10;https://firebasestorage.googleapis.com/v0/b/ordersmanagment-c22d9.appspot.com/o/public%2FanmzJT7JaCjJM2CVFNlP%2Fresized%2F1606534730914_tr3cih8ia7h_500x500?alt=media&token=1e9fbcf4-8a91-4dca-9579-fd428fafae01;
qDwr8NefZO3AyDDLIqpw;Michelada de Maracuyá;3;undefined;TRUE;pN1vp3w6GASz9D4tGB5w;0;Deliciosa Michelada con limón, sal y maracuyá.;TRUE;10;https://firebasestorage.googleapis.com/v0/b/ordersmanagment-c22d9.appspot.com/o/public%2FanmzJT7JaCjJM2CVFNlP%2Fresized%2F1606534870352_80ywlcf1f2f_500x500?alt=media&token=2cc6db13-6c81-4795-bfa7-2141d9092ae9;
xjvgGvAgCRYSuYmC9oc9;Michelada de Mango;3;undefined;FALSE;pN1vp3w6GASz9D4tGB5w;0;Deliciosa michelada con limón, sal, pimienta y trozos de mango verde.;FALSE;10;https://firebasestorage.googleapis.com/v0/b/ordersmanagment-c22d9.appspot.com/o/public%2FanmzJT7JaCjJM2CVFNlP%2Fresized%2F1606534820146_w5dfbe10xad_500x500?alt=media&token=fe9be7a4-371c-4551-b5ef-baea80b596d3;
3zXLZMHwO9JqA00pklWJ;Agua Aromática;0.5;undefined;TRUE;R3lxM9gzRXcRH4BtfFBX;0;;TRUE;10;https://firebasestorage.googleapis.com/v0/b/ordersmanagment-c22d9.appspot.com/o/public%2FanmzJT7JaCjJM2CVFNlP%2Fresized%2F1596400545538_r741ubxd8ko_500x500?alt=media&token=23f21b5b-2cf2-4067-83f1-edcb4c2d5be1;
9wTJfay9uDYq7fyaV5qL;Café;0.5;undefined;TRUE;R3lxM9gzRXcRH4BtfFBX;0;;TRUE;10;https://firebasestorage.googleapis.com/v0/b/ordersmanagment-c22d9.appspot.com/o/public%2FanmzJT7JaCjJM2CVFNlP%2Fresized%2F1596401078875_a0b6vcocy7a_500x500?alt=media&token=977b1c2c-0889-474c-8340-e9e9ae3cc1a3;
CuHLpQyI5symMSts6bWk;Café de La Viña;1.5;undefined;TRUE;R3lxM9gzRXcRH4BtfFBX;0;;TRUE;10;undefined;
FCsnK3ro1Be1vNPD7TYC;Tostada de queso;1;undefined;TRUE;R3lxM9gzRXcRH4BtfFBX;0;;TRUE;10;https://firebasestorage.googleapis.com/v0/b/ordersmanagment-c22d9.appspot.com/o/public%2FanmzJT7JaCjJM2CVFNlP%2Fresized%2F1596507062771_gvm7xws28gg_500x500?alt=media&token=ec0e113e-8161-4d51-aaa6-eb18822edf5c;undefined
GGaMGJBenamto0R2PwOR;Capuchino;1;undefined;TRUE;R3lxM9gzRXcRH4BtfFBX;0;;TRUE;10;https://firebasestorage.googleapis.com/v0/b/ordersmanagment-c22d9.appspot.com/o/public%2FanmzJT7JaCjJM2CVFNlP%2Fresized%2F1596401187705_2updfo9q2yf_500x500?alt=media&token=52fa23f5-7ead-4fb2-893e-27e8f01bdff2;
N0XZN9eP8U02K2Vx13K3;Sanduche mixto;1.5;undefined;TRUE;R3lxM9gzRXcRH4BtfFBX;0;;TRUE;10;https://firebasestorage.googleapis.com/v0/b/ordersmanagment-c22d9.appspot.com/o/public%2FanmzJT7JaCjJM2CVFNlP%2Fresized%2F1596681398123_cko3fu6uek5_500x500?alt=media&token=a008c884-1254-4e0a-9cf5-3b89e1c84e0d;undefined
NFrtz5CYEOqrssmN1JMU;Tostada de Jamón ;1;undefined;TRUE;R3lxM9gzRXcRH4BtfFBX;0;;TRUE;10;https://firebasestorage.googleapis.com/v0/b/ordersmanagment-c22d9.appspot.com/o/public%2FanmzJT7JaCjJM2CVFNlP%2Fresized%2F1596507034435_at97d2gz84w_500x500?alt=media&token=71b5d4c6-fa17-4b48-8ec2-9647fa3081d1;undefined
NyP99w1Xm5R1GA2uzCUN;Sanduche de Jamón;1;undefined;TRUE;R3lxM9gzRXcRH4BtfFBX;0;;TRUE;10;undefined;undefined
RlY3Px6h11qbAhNK9aw5;Café con leche ;0.75;undefined;TRUE;R3lxM9gzRXcRH4BtfFBX;0;;TRUE;5;https://firebasestorage.googleapis.com/v0/b/ordersmanagment-c22d9.appspot.com/o/public%2FanmzJT7JaCjJM2CVFNlP%2Fresized%2F1596401123429_9uta9fr66bi_500x500?alt=media&token=b09231e0-f227-41ea-8a8d-0765c0438e28;
bPDj5wWVXSmDv73uL2SW;Sanduche de queso;1;undefined;TRUE;R3lxM9gzRXcRH4BtfFBX;0;;TRUE;10;undefined;undefined
egQZYVaKAvNqR2aazZoy;Tostada mixta;1.5;undefined;TRUE;R3lxM9gzRXcRH4BtfFBX;0;;TRUE;10;https://firebasestorage.googleapis.com/v0/b/ordersmanagment-c22d9.appspot.com/o/public%2FanmzJT7JaCjJM2CVFNlP%2Fresized%2F1596506847255_egxcrzt8gzl_500x500?alt=media&token=f8cf95ac-ea04-4214-8a0a-ac1095a77599;undefined
i80zsTAQTYZrct6f52qs;Sanduche de pollo;1.75;undefined;TRUE;R3lxM9gzRXcRH4BtfFBX;0;;TRUE;10;https://firebasestorage.googleapis.com/v0/b/ordersmanagment-c22d9.appspot.com/o/public%2FanmzJT7JaCjJM2CVFNlP%2Fresized%2F1596681512524_xg9ryuxosbq_500x500?alt=media&token=52692640-ac72-4268-b6a2-be8c643546ae;undefined
snTQiY4dysV13GVDOmtB;Mokachino;1.25;undefined;TRUE;R3lxM9gzRXcRH4BtfFBX;0;;TRUE;10;https://firebasestorage.googleapis.com/v0/b/ordersmanagment-c22d9.appspot.com/o/public%2FanmzJT7JaCjJM2CVFNlP%2Fresized%2F1596509211077_bdxjxu3fsos_500x500?alt=media&token=4a9c4452-5d8b-4b7f-a799-ed07a049691f;
8soVhlu05Q1wBtsXivGA;Sundae;2.5;0;TRUE;t3zF4HoOmcAVsHx5A43y;0;;TRUE;10;https://firebasestorage.googleapis.com/v0/b/ordersmanagment-c22d9.appspot.com/o/public%2FLYtMA17CjrYaKHh57Ww3%2Fresized%2F1608179137458_2toqhbmr5oz_500x500?alt=media&token=42c82f70-e45a-4111-8a6c-6ea951edac96;
VLrPseM8rHpVRaQ0cy8b;3 leches;1.5;1;TRUE;t3zF4HoOmcAVsHx5A43y;0;;TRUE;5;https://firebasestorage.googleapis.com/v0/b/ordersmanagment-c22d9.appspot.com/o/public%2FLYtMA17CjrYaKHh57Ww3%2Fresized%2F1600831009636_0ch5gf1tg91k_500x500?alt=media&token=0d4302ff-9484-46eb-80b8-75b5d5b131f2;
6G59vE8u1rIjt81FLv52;Pechuga a la Plancha;4;undefined;TRUE;u8BJ4ouGdSoHCaWeLWXL;0;Pechuga de pollo a la plancha, con arroz, menestra, papas fritas y ensalada.;TRUE;10;https://firebasestorage.googleapis.com/v0/b/ordersmanagment-c22d9.appspot.com/o/public%2FanmzJT7JaCjJM2CVFNlP%2Fresized%2F1598474383026_8sydbwcid14_500x500?alt=media&token=b50710e1-d10b-4e7f-aabd-05bf1b3f50b2;
DZfIqr8DIstVoHwhySa0;Lomo mixto;6;undefined;TRUE;u8BJ4ouGdSoHCaWeLWXL;0;Dos carnes a su selección, lomo de res, pechuga a la plancha, chuleta y lomo de cerdo. Con arroz papas fritas y ensalada;TRUE;10;https://firebasestorage.googleapis.com/v0/b/ordersmanagment-c22d9.appspot.com/o/public%2FanmzJT7JaCjJM2CVFNlP%2Fresized%2F1597371899165_mglz7p784xd_500x500?alt=media&token=023a00d5-5737-4002-8c36-6c014ecaa290;
EFC4CDcwugX6zEtX2y5n;Lomo de Res;4;undefined;TRUE;u8BJ4ouGdSoHCaWeLWXL;0;Lomo de Res, con arroz, menestra, papas fritas y ensalada;TRUE;10;https://firebasestorage.googleapis.com/v0/b/ordersmanagment-c22d9.appspot.com/o/public%2FanmzJT7JaCjJM2CVFNlP%2Fresized%2F1596488816826_allntf1rvzb_500x500?alt=media&token=580b96d7-d54a-44c5-9c48-276b7b6c6aa1;
FWh4oJ2c24VpRRelaDcD;Chuleta;4;undefined;TRUE;u8BJ4ouGdSoHCaWeLWXL;0;Chuleta de cerdo a la plancha con arroz, menestra y papas fritas y ensalada;TRUE;10;https://firebasestorage.googleapis.com/v0/b/ordersmanagment-c22d9.appspot.com/o/public%2FanmzJT7JaCjJM2CVFNlP%2Fresized%2F1598474331136_cca5129ndo_500x500?alt=media&token=b4ef3cc2-d839-4a4f-ba47-ce50f0c01e7d;
ksPUz6vWVbotdgB3OFY7;Lomo de Cerdo;4;undefined;TRUE;u8BJ4ouGdSoHCaWeLWXL;0;Lomo de Cerdo, con arroz, menestra, papas fritas y ensalada;TRUE;10;https://firebasestorage.googleapis.com/v0/b/ordersmanagment-c22d9.appspot.com/o/public%2FanmzJT7JaCjJM2CVFNlP%2Fresized%2F1595738394940_fuka4bted19_500x500?alt=media&token=93d453a1-e624-4d55-8f9a-724f0c29996f;
pjKiYTiuJOGm446vQ4sN;Lomo de Tilapia;5;undefined;TRUE;u8BJ4ouGdSoHCaWeLWXL;0;Lomo de Tilapia, con arroz, menestra, papas fritas y ensalada.;TRUE;15;https://firebasestorage.googleapis.com/v0/b/ordersmanagment-c22d9.appspot.com/o/public%2FanmzJT7JaCjJM2CVFNlP%2Fresized%2F1595738515246_jztbdufzd5c_500x500?alt=media&token=76f939f3-d0ae-4d72-887f-1f80550f41d1;
